id,firstname,lastname,email
100,Vere,Johanna,Vere.Johanna@yopmail.com
101,Sashenka,Neva,Sashenka.Neva@yopmail.com
102,Kimberley,Wu,Kimberley.Wu@yopmail.com
103,Lizzie,Ambrosia,Lizzie.Ambrosia@yopmail.com
104,Harrietta,Agle,Harrietta.Agle@yopmail.com
105,Dorothy,Linehan,Dorothy.Linehan@yopmail.com
106,Amara,Lorenz,Amara.Lorenz@yopmail.com
107,Nessie,Skell,Nessie.Skell@yopmail.com
108,Brana,Weitman,Brana.Weitman@yopmail.com
109,Aaren,Ummersen,Aaren.Ummersen@yopmail.com